Role ,Section ,Day,Start Time (Hour),End Time (Hour),Hours
Bartender,Bar Stocks,Monday,05:00:00,16:00:00,11
Bartender,Bar Stocks,Tuesday,00:00:00,00:00:00,0
Bartender,Bar Stocks,Wednesday,00:00:00,00:00:00,0
Bartender,Bar Stocks,Thursday,00:00:00,00:00:00,0
Bartender,Bar Stocks,Friday,00:00:00,00:00:00,0
Bartender,Bar Stocks,Saturday,00:00:00,00:00:00,0
Bartender,Bar Stocks,Sunday,07:00:00,08:00:00,1
Bartender,Bar Batch,Monday,00:00:00,00:00:00,0
Bartender,Bar Batch,Tuesday,00:00:00,00:00:00,0
Bartender,Bar Batch,Wednesday,00:00:00,00:00:00,0
Bartender,Bar Batch,Thursday,00:00:00,00:00:00,0
Bartender,Bar Batch,Friday,12:00:00,16:00:00,4
Bartender,Bar Batch,Saturday,00:00:00,00:00:00,0
Bartender,Bar Batch,Sunday,00:00:00,00:00:00,0
Bartender,Deep clean,Monday,00:00:00,00:00:00,0
Bartender,Deep clean,Tuesday,06:00:00,07:00:00,1
Bartender,Deep clean,Wednesday,00:00:00,00:00:00,0
Bartender,Deep clean,Thursday,00:00:00,00:00:00,0
Bartender,Deep clean,Friday,00:00:00,00:00:00,0
Bartender,Deep clean,Saturday,00:00:00,00:00:00,0
Bartender,Deep clean,Sunday,00:00:00,00:00:00,0
Bartender,Bar Up AM,Monday,07:00:00,16:00:00,9
Bartender,Bar Up AM,Tuesday,07:00:00,16:00:00,9
Bartender,Bar Up AM,Wednesday,07:00:00,16:00:00,9
Bartender,Bar Up AM,Thursday,07:00:00,16:00:00,9
Bartender,Bar Up AM,Friday,07:00:00,16:00:00,9
Bartender,Bar Up AM,Saturday,07:00:00,16:00:00,9
Bartender,Bar Up AM,Sunday,07:00:00,16:00:00,9
Bartender,Bar Up AM,Monday,07:00:00,16:00:00,9
Bartender,Bar Up AM,Tuesday,07:00:00,16:00:00,9
Bartender,Bar Up AM,Wednesday,07:00:00,16:00:00,9
Bartender,Bar Up AM,Thursday,07:00:00,16:00:00,9
Bartender,Bar Up AM,Friday,07:00:00,16:00:00,9
Bartender,Bar Up AM,Saturday,07:00:00,16:00:00,9
Bartender,Bar Up AM,Sunday,07:00:00,16:00:00,9
Bartender,Bar Up AM,Monday,00:00:00,00:00:00,0
Bartender,Bar Up AM,Tuesday,00:00:00,00:00:00,0
Bartender,Bar Up AM,Wednesday,00:00:00,00:00:00,0
Bartender,Bar Up AM,Thursday,00:00:00,00:00:00,0
Bartender,Bar Up AM,Friday,00:00:00,00:00:00,0
Bartender,Bar Up AM,Saturday,10:00:00,17:00:00,7
Bartender,Bar Up AM,Sunday,10:00:00,17:00:00,7
Bartender,Bar Up AM,Monday,00:00:00,00:00:00,0
Bartender,Bar Up AM,Tuesday,00:00:00,00:00:00,0
Bartender,Bar Up AM,Wednesday,00:00:00,00:00:00,0
Bartender,Bar Up AM,Thursday,00:00:00,00:00:00,0
Bartender,Bar Up AM,Friday,00:00:00,00:00:00,0
Bartender,Bar Up AM,Saturday,00:00:00,00:00:00,0
Bartender,Bar Up AM,Sunday,00:00:00,00:00:00,0
Bartender,Bar Up AM,Monday,00:00:00,00:00:00,0
Bartender,Bar Up AM,Tuesday,00:00:00,00:00:00,0
Bartender,Bar Up AM,Wednesday,00:00:00,00:00:00,0
Bartender,Bar Up AM,Thursday,00:00:00,00:00:00,0
Bartender,Bar Up AM,Friday,00:00:00,00:00:00,0
Bartender,Bar Up AM,Saturday,00:00:00,00:00:00,0
Bartender,Bar Up AM,Sunday,00:00:00,00:00:00,0
Bartender,Bar Cocktail AM,Monday,00:00:00,00:00:00,0
Bartender,Bar Cocktail AM,Tuesday,00:00:00,00:00:00,0
Bartender,Bar Cocktail AM,Wednesday,00:00:00,00:00:00,0
Bartender,Bar Cocktail AM,Thursday,00:00:00,00:00:00,0
Bartender,Bar Cocktail AM,Friday,00:00:00,00:00:00,0
Bartender,Bar Cocktail AM,Saturday,11:00:00,16:00:00,5
Bartender,Bar Cocktail AM,Sunday,11:00:00,16:00:00,5
Bartender,Bar Cocktail AM,Monday,00:00:00,00:00:00,0
Bartender,Bar Cocktail AM,Tuesday,00:00:00,00:00:00,0
Bartender,Bar Cocktail AM,Wednesday,00:00:00,00:00:00,0
Bartender,Bar Cocktail AM,Thursday,00:00:00,00:00:00,0
Bartender,Bar Cocktail AM,Friday,00:00:00,00:00:00,0
Bartender,Bar Cocktail AM,Saturday,00:00:00,00:00:00,0
Bartender,Bar Cocktail AM,Sunday,00:00:00,00:00:00,0
Bartender,Bar Cocktail AM,Monday,00:00:00,00:00:00,0
Bartender,Bar Cocktail AM,Tuesday,00:00:00,00:00:00,0
Bartender,Bar Cocktail AM,Wednesday,00:00:00,00:00:00,0
Bartender,Bar Cocktail AM,Thursday,00:00:00,00:00:00,0
Bartender,Bar Cocktail AM,Friday,00:00:00,00:00:00,0
Bartender,Bar Cocktail AM,Saturday,00:00:00,00:00:00,0
Bartender,Bar Cocktail AM,Sunday,00:00:00,00:00:00,0
Bartender,Bar Cocktail AM,Monday,00:00:00,00:00:00,0
Bartender,Bar Cocktail AM,Tuesday,00:00:00,00:00:00,0
Bartender,Bar Cocktail AM,Wednesday,00:00:00,00:00:00,0
Bartender,Bar Cocktail AM,Thursday,00:00:00,00:00:00,0
Bartender,Bar Cocktail AM,Friday,00:00:00,00:00:00,0
Bartender,Bar Cocktail AM,Saturday,00:00:00,00:00:00,0
Bartender,Bar Cocktail AM,Sunday,00:00:00,00:00:00,0
Bartender,Bar Cocktail AM,Monday,00:00:00,00:00:00,0
Bartender,Bar Cocktail AM,Tuesday,00:00:00,00:00:00,0
Bartender,Bar Cocktail AM,Wednesday,00:00:00,00:00:00,0
Bartender,Bar Cocktail AM,Thursday,00:00:00,00:00:00,0
Bartender,Bar Cocktail AM,Friday,00:00:00,00:00:00,0
Bartender,Bar Cocktail AM,Saturday,00:00:00,00:00:00,0
Bartender,Bar Cocktail AM,Sunday,00:00:00,00:00:00,0
Bartender,Bar Down AM,Monday,00:00:00,00:00:00,0
Bartender,Bar Down AM,Tuesday,00:00:00,00:00:00,0
Bartender,Bar Down AM,Wednesday,00:00:00,00:00:00,0
Bartender,Bar Down AM,Thursday,00:00:00,00:00:00,0
Bartender,Bar Down AM,Friday,00:00:00,00:00:00,0
Bartender,Bar Down AM,Saturday,00:00:00,00:00:00,0
Bartender,Bar Down AM,Sunday,00:00:00,00:00:00,0
Bartender,Bar Down AM,Monday,00:00:00,00:00:00,0
Bartender,Bar Down AM,Tuesday,00:00:00,00:00:00,0
Bartender,Bar Down AM,Wednesday,00:00:00,00:00:00,0
Bartender,Bar Down AM,Thursday,00:00:00,00:00:00,0
Bartender,Bar Down AM,Friday,00:00:00,00:00:00,0
Bartender,Bar Down AM,Saturday,00:00:00,00:00:00,0
Bartender,Bar Down AM,Sunday,00:00:00,00:00:00,0
Bartender,Bar Down AM,Monday,00:00:00,00:00:00,0
Bartender,Bar Down AM,Tuesday,00:00:00,00:00:00,0
Bartender,Bar Down AM,Wednesday,00:00:00,00:00:00,0
Bartender,Bar Down AM,Thursday,00:00:00,00:00:00,0
Bartender,Bar Down AM,Friday,00:00:00,00:00:00,0
Bartender,Bar Down AM,Saturday,00:00:00,00:00:00,0
Bartender,Bar Down AM,Sunday,00:00:00,00:00:00,0
Bartender,Bar Down AM,Monday,00:00:00,00:00:00,0
Bartender,Bar Down AM,Tuesday,00:00:00,00:00:00,0
Bartender,Bar Down AM,Wednesday,00:00:00,00:00:00,0
Bartender,Bar Down AM,Thursday,00:00:00,00:00:00,0
Bartender,Bar Down AM,Friday,00:00:00,00:00:00,0
Bartender,Bar Down AM,Saturday,00:00:00,00:00:00,0
Bartender,Bar Down AM,Sunday,00:00:00,00:00:00,0
Bartender,Bar Down AM,Monday,00:00:00,00:00:00,0
Bartender,Bar Down AM,Tuesday,00:00:00,00:00:00,0
Bartender,Bar Down AM,Wednesday,00:00:00,00:00:00,0
Bartender,Bar Down AM,Thursday,00:00:00,00:00:00,0
Bartender,Bar Down AM,Friday,00:00:00,00:00:00,0
Bartender,Bar Down AM,Saturday,00:00:00,00:00:00,0
Bartender,Bar Down AM,Sunday,00:00:00,00:00:00,0
Bartender,Bar Up PM,Monday,15:45:00,23:00:00,7.25
Bartender,Bar Up PM,Tuesday,15:45:00,23:00:00,7.25
Bartender,Bar Up PM,Wednesday,15:45:00,00:00:00,8.25
Bartender,Bar Up PM,Thursday,15:45:00,00:00:00,8.25
Bartender,Bar Up PM,Friday,17:00:00,23:00:00,6
Bartender,Bar Up PM,Saturday,17:00:00,23:00:00,6
Bartender,Bar Up PM,Sunday,17:00:00,00:00:00,7
Bartender,Bar Up PM,Monday,15:45:00,01:00:00,9.25
Bartender,Bar Up PM,Tuesday,15:45:00,01:00:00,9.25
Bartender,Bar Up PM,Wednesday,15:45:00,01:00:00,9.25
Bartender,Bar Up PM,Thursday,15:45:00,01:00:00,9.25
Bartender,Bar Up PM,Friday,15:45:00,01:00:00,9.25
Bartender,Bar Up PM,Saturday,15:45:00,01:00:00,9.25
Bartender,Bar Up PM,Sunday,15:45:00,01:00:00,9.25
Bartender,Bar Up PM,Monday,16:45:00,01:00:00,8.25
Bartender,Bar Up PM,Tuesday,16:45:00,01:00:00,8.25
Bartender,Bar Up PM,Wednesday,16:45:00,01:00:00,8.25
Bartender,Bar Up PM,Thursday,16:45:00,01:00:00,8.25
Bartender,Bar Up PM,Friday,15:45:00,01:00:00,9.25
Bartender,Bar Up PM,Saturday,15:45:00,01:00:00,9.25
Bartender,Bar Up PM,Sunday,16:45:00,01:00:00,8.25
Bartender,Bar Up PM,Monday,00:00:00,00:00:00,0
Bartender,Bar Up PM,Tuesday,00:00:00,00:00:00,0
Bartender,Bar Up PM,Wednesday,00:00:00,00:00:00,0
Bartender,Bar Up PM,Thursday,00:00:00,00:00:00,0
Bartender,Bar Up PM,Friday,18:00:00,01:00:00,7
Bartender,Bar Up PM,Saturday,18:00:00,01:00:00,7
Bartender,Bar Up PM,Sunday,00:00:00,00:00:00,0
Bartender,Bar Up PM,Monday,00:00:00,00:00:00,0
Bartender,Bar Up PM,Tuesday,00:00:00,00:00:00,0
Bartender,Bar Up PM,Wednesday,00:00:00,00:00:00,0
Bartender,Bar Up PM,Thursday,00:00:00,00:00:00,0
Bartender,Bar Up PM,Friday,00:00:00,00:00:00,0
Bartender,Bar Up PM,Saturday,00:00:00,00:00:00,0
Bartender,Bar Up PM,Sunday,00:00:00,00:00:00,0
Bartender,Bar Down PM,Monday,00:00:00,00:00:00,0
Bartender,Bar Down PM,Tuesday,00:00:00,00:00:00,0
Bartender,Bar Down PM,Wednesday,00:00:00,00:00:00,0
Bartender,Bar Down PM,Thursday,00:00:00,00:00:00,0
Bartender,Bar Down PM,Friday,00:00:00,00:00:00,0
Bartender,Bar Down PM,Saturday,00:00:00,00:00:00,0
Bartender,Bar Down PM,Sunday,00:00:00,00:00:00,0
Bartender,Bar Down PM,Monday,00:00:00,00:00:00,0
Bartender,Bar Down PM,Tuesday,00:00:00,00:00:00,0
Bartender,Bar Down PM,Wednesday,00:00:00,00:00:00,0
Bartender,Bar Down PM,Thursday,00:00:00,00:00:00,0
Bartender,Bar Down PM,Friday,00:00:00,00:00:00,0
Bartender,Bar Down PM,Saturday,00:00:00,00:00:00,0
Bartender,Bar Down PM,Sunday,00:00:00,00:00:00,0
Bartender,Bar Down PM,Monday,00:00:00,00:00:00,0
Bartender,Bar Down PM,Tuesday,00:00:00,00:00:00,0
Bartender,Bar Down PM,Wednesday,00:00:00,00:00:00,0
Bartender,Bar Down PM,Thursday,00:00:00,00:00:00,0
Bartender,Bar Down PM,Friday,00:00:00,00:00:00,0
Bartender,Bar Down PM,Saturday,00:00:00,00:00:00,0
Bartender,Bar Down PM,Sunday,00:00:00,00:00:00,0
Bartender,Bar Down PM,Monday,00:00:00,00:00:00,0
Bartender,Bar Down PM,Tuesday,00:00:00,00:00:00,0
Bartender,Bar Down PM,Wednesday,00:00:00,00:00:00,0
Bartender,Bar Down PM,Thursday,00:00:00,00:00:00,0
Bartender,Bar Down PM,Friday,00:00:00,00:00:00,0
Bartender,Bar Down PM,Saturday,00:00:00,00:00:00,0
Bartender,Bar Down PM,Sunday,00:00:00,00:00:00,0
Bartender,Bar Down PM,Monday,00:00:00,00:00:00,0
Bartender,Bar Down PM,Tuesday,00:00:00,00:00:00,0
Bartender,Bar Down PM,Wednesday,00:00:00,00:00:00,0
Bartender,Bar Down PM,Thursday,00:00:00,00:00:00,0
Bartender,Bar Down PM,Friday,00:00:00,00:00:00,0
Bartender,Bar Down PM,Saturday,00:00:00,00:00:00,0
Bartender,Bar Down PM,Sunday,00:00:00,00:00:00,0
Bartender,Bar Cocktail PM,Monday,16:45:00,22:00:00,5.25
Bartender,Bar Cocktail PM,Tuesday,16:45:00,22:00:00,5.25
Bartender,Bar Cocktail PM,Wednesday,16:45:00,22:00:00,5.25
Bartender,Bar Cocktail PM,Thursday,16:45:00,22:00:00,5.25
Bartender,Bar Cocktail PM,Friday,16:45:00,22:00:00,5.25
Bartender,Bar Cocktail PM,Saturday,15:45:00,22:00:00,6.25
Bartender,Bar Cocktail PM,Sunday,15:45:00,22:00:00,6.25
Bartender,Bar Cocktail PM,Monday,17:45:00,23:00:00,5.25
Bartender,Bar Cocktail PM,Tuesday,17:45:00,23:00:00,5.25
Bartender,Bar Cocktail PM,Wednesday,17:45:00,23:00:00,5.25
Bartender,Bar Cocktail PM,Thursday,17:45:00,23:00:00,5.25
Bartender,Bar Cocktail PM,Friday,16:45:00,23:00:00,6.25
Bartender,Bar Cocktail PM,Saturday,16:45:00,23:00:00,6.25
Bartender,Bar Cocktail PM,Sunday,16:45:00,23:00:00,6.25
Bartender,Bar Cocktail PM,Monday,00:00:00,00:00:00,0
Bartender,Bar Cocktail PM,Tuesday,00:00:00,00:00:00,0
Bartender,Bar Cocktail PM,Wednesday,00:00:00,00:00:00,0
Bartender,Bar Cocktail PM,Thursday,00:00:00,00:00:00,0
Bartender,Bar Cocktail PM,Friday,00:00:00,00:00:00,0
Bartender,Bar Cocktail PM,Saturday,00:00:00,00:00:00,0
Bartender,Bar Cocktail PM,Sunday,00:00:00,00:00:00,0
Bartender,Bar Cocktail PM,Monday,00:00:00,00:00:00,0
Bartender,Bar Cocktail PM,Tuesday,00:00:00,00:00:00,0
Bartender,Bar Cocktail PM,Wednesday,00:00:00,00:00:00,0
Bartender,Bar Cocktail PM,Thursday,00:00:00,00:00:00,0
Bartender,Bar Cocktail PM,Friday,00:00:00,00:00:00,0
Bartender,Bar Cocktail PM,Saturday,00:00:00,00:00:00,0
Bartender,Bar Cocktail PM,Sunday,00:00:00,00:00:00,0
Bartender,Bar Cocktail PM,Monday,00:00:00,00:00:00,0
Bartender,Bar Cocktail PM,Tuesday,00:00:00,00:00:00,0
Bartender,Bar Cocktail PM,Wednesday,00:00:00,00:00:00,0
Bartender,Bar Cocktail PM,Thursday,00:00:00,00:00:00,0
Bartender,Bar Cocktail PM,Friday,00:00:00,00:00:00,0
Bartender,Bar Cocktail PM,Saturday,00:00:00,00:00:00,0
Bartender,Bar Cocktail PM,Sunday,00:00:00,00:00:00,0
Barback,Bar Back Delivery AM,Monday,00:00:00,00:00:00,0
Barback,Bar Back Delivery AM,Tuesday,09:00:00,16:00:00,7
Barback,Bar Back Delivery AM,Wednesday,09:00:00,16:00:00,7
Barback,Bar Back Delivery AM,Thursday,00:00:00,00:00:00,0
Barback,Bar Back Delivery AM,Friday,00:00:00,00:00:00,0
Barback,Bar Back Delivery AM,Saturday,00:00:00,00:00:00,0
Barback,Bar Back Delivery AM,Sunday,00:00:00,00:00:00,0
Barback,Bar Back Delivery AM,Monday,00:00:00,00:00:00,0
Barback,Bar Back Delivery AM,Tuesday,00:00:00,00:00:00,0
Barback,Bar Back Delivery AM,Wednesday,00:00:00,00:00:00,0
Barback,Bar Back Delivery AM,Thursday,00:00:00,00:00:00,0
Barback,Bar Back Delivery AM,Friday,00:00:00,00:00:00,0
Barback,Bar Back Delivery AM,Saturday,00:00:00,00:00:00,0
Barback,Bar Back Delivery AM,Sunday,00:00:00,00:00:00,0
Barback,Bar Up AM,Monday,11:00:00,16:00:00,5
Barback,Bar Up AM,Tuesday,00:00:00,00:00:00,0
Barback,Bar Up AM,Wednesday,00:00:00,00:00:00,0
Barback,Bar Up AM,Thursday,11:00:00,17:00:00,6
Barback,Bar Up AM,Friday,09:00:00,17:00:00,8
Barback,Bar Up AM,Saturday,10:00:00,17:00:00,7
Barback,Bar Up AM,Sunday,10:00:00,17:00:00,7
Barback,Bar Up AM,Monday,00:00:00,00:00:00,0
Barback,Bar Up AM,Tuesday,00:00:00,00:00:00,0
Barback,Bar Up AM,Wednesday,00:00:00,00:00:00,0
Barback,Bar Up AM,Thursday,00:00:00,00:00:00,0
Barback,Bar Up AM,Friday,00:00:00,00:00:00,0
Barback,Bar Up AM,Saturday,00:00:00,00:00:00,0
Barback,Bar Up AM,Sunday,00:00:00,00:00:00,0
Barback,Bar Up PM,Monday,17:00:00,01:00:00,8
Barback,Bar Up PM,Tuesday,16:45:00,01:00:00,8.25
Barback,Bar Up PM,Wednesday,16:45:00,01:00:00,8.25
Barback,Bar Up PM,Thursday,16:45:00,23:00:00,6.25
Barback,Bar Up PM,Friday,16:45:00,00:00:00,7.25
Barback,Bar Up PM,Saturday,16:45:00,00:00:00,7.25
Barback,Bar Up PM,Sunday,16:45:00,01:00:00,8.25
Barback,Bar Up PM,Monday,00:00:00,00:00:00,0
Barback,Bar Up PM,Tuesday,00:00:00,00:00:00,0
Barback,Bar Up PM,Wednesday,00:00:00,00:00:00,0
Barback,Bar Up PM,Thursday,18:00:00,01:00:00,7
Barback,Bar Up PM,Friday,18:00:00,01:00:00,7
Barback,Bar Up PM,Saturday,18:00:00,01:00:00,7
Barback,Bar Up PM,Sunday,16:45:00,00:00:00,7.25
Barback,Bar Down AM,Monday,00:00:00,00:00:00,0
Barback,Bar Down AM,Tuesday,00:00:00,00:00:00,0
Barback,Bar Down AM,Wednesday,00:00:00,00:00:00,0
Barback,Bar Down AM,Thursday,00:00:00,00:00:00,0
Barback,Bar Down AM,Friday,00:00:00,00:00:00,0
Barback,Bar Down AM,Saturday,00:00:00,00:00:00,0
Barback,Bar Down AM,Sunday,00:00:00,00:00:00,0
Barback,Bar Down AM,Monday,00:00:00,00:00:00,0
Barback,Bar Down AM,Tuesday,00:00:00,00:00:00,0
Barback,Bar Down AM,Wednesday,00:00:00,00:00:00,0
Barback,Bar Down AM,Thursday,00:00:00,00:00:00,0
Barback,Bar Down AM,Friday,00:00:00,00:00:00,0
Barback,Bar Down AM,Saturday,00:00:00,00:00:00,0
Barback,Bar Down AM,Sunday,00:00:00,00:00:00,0
Barback,Bar Down PM,Monday,17:00:00,01:00:00,8
Barback,Bar Down PM,Tuesday,16:45:00,01:00:00,8.25
Barback,Bar Down PM,Wednesday,16:45:00,01:00:00,8.25
Barback,Bar Down PM,Thursday,16:45:00,23:00:00,6.25
Barback,Bar Down PM,Friday,16:45:00,00:00:00,7.25
Barback,Bar Down PM,Saturday,16:45:00,00:00:00,7.25
Barback,Bar Down PM,Sunday,16:45:00,01:00:00,8.25
Barback,Bar Down PM,Monday,00:00:00,00:00:00,0
Barback,Bar Down PM,Tuesday,00:00:00,00:00:00,0
Barback,Bar Down PM,Wednesday,00:00:00,00:00:00,0
Barback,Bar Down PM,Thursday,18:00:00,01:00:00,7
Barback,Bar Down PM,Friday,18:00:00,01:00:00,7
Barback,Bar Down PM,Saturday,18:00:00,01:00:00,7
Barback,Bar Down PM,Sunday,16:45:00,00:00:00,7.25
Server,AM Section 1,Monday,07:00:00,15:00:00,8
Server,AM Section 1,Tuesday,07:00:00,15:00:00,8
Server,AM Section 1,Wednesday,07:00:00,15:00:00,8
Server,AM Section 1,Thursday,07:00:00,16:00:00,9
Server,AM Section 1,Friday,07:00:00,16:00:00,9
Server,AM Section 1,Saturday,08:00:00,17:00:00,9
Server,AM Section 1,Sunday,08:00:00,17:00:00,9
Server,AM Section 2,Monday,07:30:00,16:00:00,8.5
Server,AM Section 2,Tuesday,07:30:00,16:00:00,8.5
Server,AM Section 2,Wednesday,07:30:00,16:00:00,8.5
Server,AM Section 2,Thursday,07:30:00,16:00:00,8.5
Server,AM Section 2,Friday,07:30:00,16:00:00,8.5
Server,AM Section 2,Saturday,08:00:00,17:00:00,9
Server,AM Section 2,Sunday,08:00:00,17:00:00,9
Server,AM Section 3,Monday,09:00:00,17:00:00,8
Server,AM Section 3,Tuesday,09:00:00,17:00:00,8
Server,AM Section 3,Wednesday,09:00:00,17:00:00,8
Server,AM Section 3,Thursday,09:00:00,16:00:00,7
Server,AM Section 3,Friday,09:00:00,16:00:00,7
Server,AM Section 3,Saturday,09:00:00,17:00:00,8
Server,AM Section 3,Sunday,09:00:00,17:00:00,8
Server,AM Section 4,Monday,11:00:00,17:00:00,6
Server,AM Section 4,Tuesday,11:00:00,17:00:00,6
Server,AM Section 4,Wednesday,10:00:00,17:00:00,7
Server,AM Section 4,Thursday,10:00:00,17:00:00,7
Server,AM Section 4,Friday,10:00:00,17:00:00,7
Server,AM Section 4,Saturday,09:00:00,17:00:00,8
Server,AM Section 4,Sunday,09:00:00,17:00:00,8
Server,AM Section 5,Monday,11:00:00,17:00:00,6
Server,AM Section 5,Tuesday,11:00:00,17:00:00,6
Server,AM Section 5,Wednesday,11:00:00,17:00:00,6
Server,AM Section 5,Thursday,10:00:00,17:00:00,7
Server,AM Section 5,Friday,10:00:00,17:00:00,7
Server,AM Section 5,Saturday,09:00:00,17:00:00,8
Server,AM Section 5,Sunday,09:00:00,17:00:00,8
Server,AM Section 6,Monday,12:00:00,16:00:00,4
Server,AM Section 6,Tuesday,12:00:00,16:00:00,4
Server,AM Section 6,Wednesday,12:00:00,16:00:00,4
Server,AM Section 6,Thursday,11:00:00,17:00:00,6
Server,AM Section 6,Friday,11:00:00,17:00:00,6
Server,AM Section 6,Saturday,10:00:00,17:00:00,7
Server,AM Section 6,Sunday,10:00:00,17:00:00,7
Server,AM Section 7,Monday,12:00:00,16:00:00,4
Server,AM Section 7,Tuesday,12:00:00,16:00:00,4
Server,AM Section 7,Wednesday,12:00:00,16:00:00,4
Server,AM Section 7,Thursday,11:00:00,17:00:00,6
Server,AM Section 7,Friday,11:00:00,17:00:00,6
Server,AM Section 7,Saturday,10:00:00,17:00:00,7
Server,AM Section 7,Sunday,10:00:00,17:00:00,7
Server,AM Section 8,Monday,12:00:00,16:00:00,4
Server,AM Section 8,Tuesday,12:00:00,16:00:00,4
Server,AM Section 8,Wednesday,12:00:00,16:00:00,4
Server,AM Section 8,Thursday,12:00:00,16:00:00,4
Server,AM Section 8,Friday,12:00:00,16:00:00,4
Server,AM Section 8,Saturday,10:00:00,17:00:00,7
Server,AM Section 8,Sunday,10:00:00,17:00:00,7
Server,AM Section 9,Monday,12:00:00,16:00:00,4
Server,AM Section 9,Tuesday,12:00:00,16:00:00,4
Server,AM Section 9,Wednesday,12:00:00,16:00:00,4
Server,AM Section 9,Thursday,12:00:00,16:00:00,4
Server,AM Section 9,Friday,12:00:00,16:00:00,4
Server,AM Section 9,Saturday,10:00:00,17:00:00,7
Server,AM Section 9,Sunday,10:00:00,17:00:00,7
Server,AM Section 10,Monday,00:00:00,00:00:00,0
Server,AM Section 10,Tuesday,00:00:00,00:00:00,0
Server,AM Section 10,Wednesday,00:00:00,00:00:00,0
Server,AM Section 10,Thursday,12:00:00,16:00:00,4
Server,AM Section 10,Friday,12:00:00,16:00:00,4
Server,AM Section 10,Saturday,10:00:00,17:00:00,7
Server,AM Section 10,Sunday,10:00:00,17:00:00,7
Server,AM Section 11,Monday,00:00:00,00:00:00,0
Server,AM Section 11,Tuesday,00:00:00,00:00:00,0
Server,AM Section 11,Wednesday,00:00:00,00:00:00,0
Server,AM Section 11,Thursday,00:00:00,00:00:00,0
Server,AM Section 11,Friday,00:00:00,00:00:00,0
Server,AM Section 11,Saturday,00:00:00,00:00:00,0
Server,AM Section 11,Sunday,00:00:00,00:00:00,0
Server,AM Section 12,Monday,00:00:00,00:00:00,0
Server,AM Section 12,Tuesday,00:00:00,00:00:00,0
Server,AM Section 12,Wednesday,00:00:00,00:00:00,0
Server,AM Section 12,Thursday,00:00:00,00:00:00,0
Server,AM Section 12,Friday,00:00:00,00:00:00,0
Server,AM Section 12,Saturday,00:00:00,00:00:00,0
Server,AM Section 12,Sunday,00:00:00,00:00:00,0
Server,AM Section 13,Monday,00:00:00,00:00:00,0
Server,AM Section 13,Tuesday,00:00:00,00:00:00,0
Server,AM Section 13,Wednesday,00:00:00,00:00:00,0
Server,AM Section 13,Thursday,00:00:00,00:00:00,0
Server,AM Section 13,Friday,00:00:00,00:00:00,0
Server,AM Section 13,Saturday,00:00:00,00:00:00,0
Server,AM Section 13,Sunday,00:00:00,00:00:00,0
Server,AM Section 14,Monday,00:00:00,00:00:00,0
Server,AM Section 14,Tuesday,00:00:00,00:00:00,0
Server,AM Section 14,Wednesday,00:00:00,00:00:00,0
Server,AM Section 14,Thursday,00:00:00,00:00:00,0
Server,AM Section 14,Friday,00:00:00,00:00:00,0
Server,AM Section 14,Saturday,00:00:00,00:00:00,0
Server,AM Section 14,Sunday,00:00:00,00:00:00,0
Server,AM Section 15,Monday,00:00:00,00:00:00,0
Server,AM Section 15,Tuesday,00:00:00,00:00:00,0
Server,AM Section 15,Wednesday,00:00:00,00:00:00,0
Server,AM Section 15,Thursday,00:00:00,00:00:00,0
Server,AM Section 15,Friday,00:00:00,00:00:00,0
Server,AM Section 15,Saturday,00:00:00,00:00:00,0
Server,AM Section 15,Sunday,00:00:00,00:00:00,0
Server,AM Section 16,Monday,00:00:00,00:00:00,0
Server,AM Section 16,Tuesday,00:00:00,00:00:00,0
Server,AM Section 16,Wednesday,00:00:00,00:00:00,0
Server,AM Section 16,Thursday,00:00:00,00:00:00,0
Server,AM Section 16,Friday,00:00:00,00:00:00,0
Server,AM Section 16,Saturday,00:00:00,00:00:00,0
Server,AM Section 16,Sunday,00:00:00,00:00:00,0
Server,AM Section 17,Monday,00:00:00,00:00:00,0
Server,AM Section 17,Tuesday,00:00:00,00:00:00,0
Server,AM Section 17,Wednesday,00:00:00,00:00:00,0
Server,AM Section 17,Thursday,00:00:00,00:00:00,0
Server,AM Section 17,Friday,00:00:00,00:00:00,0
Server,AM Section 17,Saturday,00:00:00,00:00:00,0
Server,AM Section 17,Sunday,00:00:00,00:00:00,0
Server,AM Section 18,Monday,00:00:00,00:00:00,0
Server,AM Section 18,Tuesday,00:00:00,00:00:00,0
Server,AM Section 18,Wednesday,00:00:00,00:00:00,0
Server,AM Section 18,Thursday,00:00:00,00:00:00,0
Server,AM Section 18,Friday,00:00:00,00:00:00,0
Server,AM Section 18,Saturday,00:00:00,00:00:00,0
Server,AM Section 18,Sunday,00:00:00,00:00:00,0
Server,AM Section 19,Monday,00:00:00,00:00:00,0
Server,AM Section 19,Tuesday,00:00:00,00:00:00,0
Server,AM Section 19,Wednesday,00:00:00,00:00:00,0
Server,AM Section 19,Thursday,00:00:00,00:00:00,0
Server,AM Section 19,Friday,00:00:00,00:00:00,0
Server,AM Section 19,Saturday,00:00:00,00:00:00,0
Server,AM Section 19,Sunday,00:00:00,00:00:00,0
Server,AM Section 20,Monday,00:00:00,00:00:00,0
Server,AM Section 20,Tuesday,00:00:00,00:00:00,0
Server,AM Section 20,Wednesday,00:00:00,00:00:00,0
Server,AM Section 20,Thursday,00:00:00,00:00:00,0
Server,AM Section 20,Friday,00:00:00,00:00:00,0
Server,AM Section 20,Saturday,00:00:00,00:00:00,0
Server,AM Section 20,Sunday,00:00:00,00:00:00,0
Server,PM Section 1,Monday,17:00:00,23:00:00,6
Server,PM Section 1,Tuesday,17:00:00,23:00:00,6
Server,PM Section 1,Wednesday,17:00:00,23:00:00,6
Server,PM Section 1,Thursday,17:00:00,23:00:00,6
Server,PM Section 1,Friday,17:00:00,23:00:00,6
Server,PM Section 1,Saturday,15:45:00,23:00:00,7.25
Server,PM Section 1,Sunday,15:45:00,23:00:00,7.25
Server,PM Section 2,Monday,17:00:00,23:00:00,6
Server,PM Section 2,Tuesday,17:00:00,23:00:00,6
Server,PM Section 2,Wednesday,17:00:00,23:00:00,6
Server,PM Section 2,Thursday,17:00:00,23:00:00,6
Server,PM Section 2,Friday,17:00:00,23:00:00,6
Server,PM Section 2,Saturday,15:45:00,23:00:00,7.25
Server,PM Section 2,Sunday,15:45:00,23:00:00,7.25
Server,PM Section 3,Monday,17:00:00,23:00:00,6
Server,PM Section 3,Tuesday,17:00:00,23:00:00,6
Server,PM Section 3,Wednesday,17:00:00,23:00:00,6
Server,PM Section 3,Thursday,17:00:00,23:00:00,6
Server,PM Section 3,Friday,17:00:00,23:00:00,6
Server,PM Section 3,Saturday,16:45:00,23:00:00,6.25
Server,PM Section 3,Sunday,16:45:00,23:00:00,6.25
Server,PM Section 4,Monday,17:00:00,23:00:00,6
Server,PM Section 4,Tuesday,17:00:00,23:00:00,6
Server,PM Section 4,Wednesday,17:00:00,23:00:00,6
Server,PM Section 4,Thursday,15:45:00,23:00:00,7.25
Server,PM Section 4,Friday,15:45:00,23:00:00,7.25
Server,PM Section 4,Saturday,16:45:00,23:00:00,6.25
Server,PM Section 4,Sunday,16:45:00,23:00:00,6.25
Server,PM Section 5,Monday,15:45:00,23:00:00,7.25
Server,PM Section 5,Tuesday,15:45:00,23:00:00,7.25
Server,PM Section 5,Wednesday,15:45:00,23:00:00,7.25
Server,PM Section 5,Thursday,15:45:00,23:00:00,7.25
Server,PM Section 5,Friday,15:45:00,00:30:00,8.75
Server,PM Section 5,Saturday,16:45:00,00:30:00,7.75
Server,PM Section 5,Sunday,16:45:00,00:30:00,7.75
Server,PM Section 6,Monday,15:45:00,00:30:00,8.75
Server,PM Section 6,Tuesday,15:45:00,00:30:00,8.75
Server,PM Section 6,Wednesday,15:45:00,00:30:00,8.75
Server,PM Section 6,Thursday,15:45:00,00:30:00,8.75
Server,PM Section 6,Friday,15:45:00,00:30:00,8.75
Server,PM Section 6,Saturday,16:45:00,00:30:00,7.75
Server,PM Section 6,Sunday,16:45:00,00:30:00,7.75
Server,PM Section 7,Monday,15:45:00,00:30:00,8.75
Server,PM Section 7,Tuesday,15:45:00,00:30:00,8.75
Server,PM Section 7,Wednesday,15:45:00,00:30:00,8.75
Server,PM Section 7,Thursday,16:45:00,00:30:00,7.75
Server,PM Section 7,Friday,16:45:00,00:30:00,7.75
Server,PM Section 7,Saturday,16:45:00,00:30:00,7.75
Server,PM Section 7,Sunday,16:45:00,00:30:00,7.75
Server,PM Section 8,Monday,16:45:00,00:30:00,7.75
Server,PM Section 8,Tuesday,16:45:00,00:30:00,7.75
Server,PM Section 8,Wednesday,16:45:00,00:30:00,7.75
Server,PM Section 8,Thursday,16:45:00,00:30:00,7.75
Server,PM Section 8,Friday,16:45:00,00:30:00,7.75
Server,PM Section 8,Saturday,16:45:00,00:30:00,7.75
Server,PM Section 8,Sunday,16:45:00,00:30:00,7.75
Server,PM Section 9,Monday,16:45:00,00:30:00,7.75
Server,PM Section 9,Tuesday,16:45:00,00:30:00,7.75
Server,PM Section 9,Wednesday,16:45:00,00:30:00,7.75
Server,PM Section 9,Thursday,16:45:00,00:30:00,7.75
Server,PM Section 9,Friday,16:45:00,00:30:00,7.75
Server,PM Section 9,Saturday,16:45:00,00:30:00,7.75
Server,PM Section 9,Sunday,16:45:00,00:30:00,7.75
Server,PM Section 10,Monday,16:45:00,00:30:00,7.75
Server,PM Section 10,Tuesday,16:45:00,00:30:00,7.75
Server,PM Section 10,Wednesday,16:45:00,00:30:00,7.75
Server,PM Section 10,Thursday,16:45:00,00:30:00,7.75
Server,PM Section 10,Friday,16:45:00,00:30:00,7.75
Server,PM Section 10,Saturday,16:45:00,00:30:00,7.75
Server,PM Section 10,Sunday,16:45:00,00:30:00,7.75
Server,PM Section 11,Monday,00:00:00,00:00:00,0
Server,PM Section 11,Tuesday,00:00:00,00:00:00,0
Server,PM Section 11,Wednesday,00:00:00,00:00:00,0
Server,PM Section 11,Thursday,00:00:00,00:00:00,0
Server,PM Section 11,Friday,00:00:00,00:00:00,0
Server,PM Section 11,Saturday,00:00:00,00:00:00,0
Server,PM Section 11,Sunday,00:00:00,00:00:00,0
Server,PM Section 12,Monday,00:00:00,00:00:00,0
Server,PM Section 12,Tuesday,00:00:00,00:00:00,0
Server,PM Section 12,Wednesday,00:00:00,00:00:00,0
Server,PM Section 12,Thursday,00:00:00,00:00:00,0
Server,PM Section 12,Friday,00:00:00,00:00:00,0
Server,PM Section 12,Saturday,00:00:00,00:00:00,0
Server,PM Section 12,Sunday,00:00:00,00:00:00,0
Server,PM Section 13,Monday,00:00:00,00:00:00,0
Server,PM Section 13,Tuesday,00:00:00,00:00:00,0
Server,PM Section 13,Wednesday,00:00:00,00:00:00,0
Server,PM Section 13,Thursday,00:00:00,00:00:00,0
Server,PM Section 13,Friday,00:00:00,00:00:00,0
Server,PM Section 13,Saturday,00:00:00,00:00:00,0
Server,PM Section 13,Sunday,00:00:00,00:00:00,0
Server,PM Section 14,Monday,00:00:00,00:00:00,0
Server,PM Section 14,Tuesday,00:00:00,00:00:00,0
Server,PM Section 14,Wednesday,00:00:00,00:00:00,0
Server,PM Section 14,Thursday,00:00:00,00:00:00,0
Server,PM Section 14,Friday,00:00:00,00:00:00,0
Server,PM Section 14,Saturday,00:00:00,00:00:00,0
Server,PM Section 14,Sunday,00:00:00,00:00:00,0
Server,PM Section 15,Monday,00:00:00,00:00:00,0
Server,PM Section 15,Tuesday,00:00:00,00:00:00,0
Server,PM Section 15,Wednesday,00:00:00,00:00:00,0
Server,PM Section 15,Thursday,00:00:00,00:00:00,0
Server,PM Section 15,Friday,00:00:00,00:00:00,0
Server,PM Section 15,Saturday,00:00:00,00:00:00,0
Server,PM Section 15,Sunday,00:00:00,00:00:00,0
Server,PM Section 16,Monday,00:00:00,00:00:00,0
Server,PM Section 16,Tuesday,00:00:00,00:00:00,0
Server,PM Section 16,Wednesday,00:00:00,00:00:00,0
Server,PM Section 16,Thursday,00:00:00,00:00:00,0
Server,PM Section 16,Friday,00:00:00,00:00:00,0
Server,PM Section 16,Saturday,00:00:00,00:00:00,0
Server,PM Section 16,Sunday,00:00:00,00:00:00,0
Server,PM Section 17,Monday,00:00:00,00:00:00,0
Server,PM Section 17,Tuesday,00:00:00,00:00:00,0
Server,PM Section 17,Wednesday,00:00:00,00:00:00,0
Server,PM Section 17,Thursday,00:00:00,00:00:00,0
Server,PM Section 17,Friday,00:00:00,00:00:00,0
Server,PM Section 17,Saturday,00:00:00,00:00:00,0
Server,PM Section 17,Sunday,00:00:00,00:00:00,0
Server,PM Section 18,Monday,00:00:00,00:00:00,0
Server,PM Section 18,Tuesday,00:00:00,00:00:00,0
Server,PM Section 18,Wednesday,00:00:00,00:00:00,0
Server,PM Section 18,Thursday,00:00:00,00:00:00,0
Server,PM Section 18,Friday,00:00:00,00:00:00,0
Server,PM Section 18,Saturday,00:00:00,00:00:00,0
Server,PM Section 18,Sunday,00:00:00,00:00:00,0
Server,PM Section 19,Monday,00:00:00,00:00:00,0
Server,PM Section 19,Tuesday,00:00:00,00:00:00,0
Server,PM Section 19,Wednesday,00:00:00,00:00:00,0
Server,PM Section 19,Thursday,00:00:00,00:00:00,0
Server,PM Section 19,Friday,00:00:00,00:00:00,0
Server,PM Section 19,Saturday,00:00:00,00:00:00,0
Server,PM Section 19,Sunday,00:00:00,00:00:00,0
Server,PM Section 20,Monday,00:00:00,00:00:00,0
Server,PM Section 20,Tuesday,00:00:00,00:00:00,0
Server,PM Section 20,Wednesday,00:00:00,00:00:00,0
Server,PM Section 20,Thursday,00:00:00,00:00:00,0
Server,PM Section 20,Friday,00:00:00,00:00:00,0
Server,PM Section 20,Saturday,00:00:00,00:00:00,0
Server,PM Section 20,Sunday,00:00:00,00:00:00,0
Host,Owner/Welcome,Monday,07:00:00,15:00:00,8
Host,Owner/Welcome,Tuesday,07:00:00,15:00:00,8
Host,Owner/Welcome,Wednesday,07:00:00,16:00:00,9
Host,Owner/Welcome,Thursday,07:00:00,16:00:00,9
Host,Owner/Welcome,Friday,07:00:00,16:00:00,9
Host,Owner/Welcome,Saturday,08:00:00,17:00:00,9
Host,Owner/Welcome,Sunday,08:00:00,17:00:00,9
Host,Guide,Monday,08:00:00,16:00:00,8
Host,Guide,Tuesday,08:00:00,16:00:00,8
Host,Guide,Wednesday,08:00:00,16:00:00,8
Host,Guide,Thursday,08:00:00,16:00:00,8
Host,Guide,Friday,08:00:00,16:00:00,8
Host,Guide,Saturday,08:00:00,17:00:00,9
Host,Guide,Sunday,08:00:00,17:00:00,9
Host,Guide,Monday,10:00:00,17:00:00,7
Host,Guide,Tuesday,10:00:00,17:00:00,7
Host,Guide,Wednesday,10:00:00,17:00:00,7
Host,Guide,Thursday,10:00:00,17:00:00,7
Host,Guide,Friday,10:00:00,17:00:00,7
Host,Guide,Saturday,09:00:00,17:00:00,8
Host,Guide,Sunday,09:00:00,17:00:00,8
-,0,Monday,12:00:00,16:00:00,4
-,0,Tuesday,12:00:00,16:00:00,4
-,0,Wednesday,12:00:00,16:00:00,4
-,0,Thursday,12:00:00,16:00:00,4
-,0,Friday,12:00:00,16:00:00,4
-,0,Saturday,09:00:00,17:00:00,8
-,0,Sunday,09:00:00,17:00:00,8
-,0,Monday,00:00:00,00:00:00,0
-,0,Tuesday,00:00:00,00:00:00,0
-,0,Wednesday,00:00:00,00:00:00,0
-,0,Thursday,12:00:00,16:00:00,4
-,0,Friday,12:00:00,16:00:00,4
-,0,Saturday,09:00:00,17:00:00,8
-,0,Sunday,09:00:00,17:00:00,8
-,0,Monday,00:00:00,00:00:00,0
-,0,Tuesday,00:00:00,00:00:00,0
-,0,Wednesday,00:00:00,00:00:00,0
-,0,Thursday,00:00:00,00:00:00,0
-,0,Friday,00:00:00,00:00:00,0
-,0,Saturday,10:00:00,17:00:00,7
-,0,Sunday,10:00:00,17:00:00,7
-,0,Monday,00:00:00,00:00:00,0
-,0,Tuesday,00:00:00,00:00:00,0
-,0,Wednesday,00:00:00,00:00:00,0
-,0,Thursday,00:00:00,00:00:00,0
-,0,Friday,00:00:00,00:00:00,0
-,0,Saturday,10:00:00,17:00:00,7
-,0,Sunday,10:00:00,17:00:00,7
-,0,Monday,00:00:00,00:00:00,0
-,0,Tuesday,00:00:00,00:00:00,0
-,0,Wednesday,00:00:00,00:00:00,0
-,0,Thursday,00:00:00,00:00:00,0
-,0,Friday,00:00:00,00:00:00,0
-,0,Saturday,10:00:00,16:00:00,6
-,0,Sunday,10:00:00,16:00:00,6
-,0,Monday,00:00:00,00:00:00,0
-,0,Tuesday,00:00:00,00:00:00,0
-,0,Wednesday,00:00:00,00:00:00,0
-,0,Thursday,00:00:00,00:00:00,0
-,0,Friday,00:00:00,00:00:00,0
-,0,Saturday,11:00:00,16:00:00,5
-,0,Sunday,11:00:00,16:00:00,5
-,0,Monday,00:00:00,00:00:00,0
-,0,Tuesday,00:00:00,00:00:00,0
-,0,Wednesday,00:00:00,00:00:00,0
-,0,Thursday,00:00:00,00:00:00,0
-,0,Friday,00:00:00,00:00:00,0
-,0,Saturday,00:00:00,00:00:00,0
-,0,Sunday,00:00:00,00:00:00,0
Host,Guide,Monday,00:00:00,00:00:00,0
Host,Guide,Tuesday,00:00:00,00:00:00,0
Host,Guide,Wednesday,00:00:00,00:00:00,0
Host,Guide,Thursday,00:00:00,00:00:00,0
Host,Guide,Friday,00:00:00,00:00:00,0
Host,Guide,Saturday,00:00:00,00:00:00,0
Host,Guide,Sunday,00:00:00,00:00:00,0
Host,Guide,Monday,00:00:00,00:00:00,0
Host,Guide,Tuesday,00:00:00,00:00:00,0
Host,Guide,Wednesday,00:00:00,00:00:00,0
Host,Guide,Thursday,00:00:00,00:00:00,0
Host,Guide,Friday,00:00:00,00:00:00,0
Host,Guide,Saturday,00:00:00,00:00:00,0
Host,Guide,Sunday,00:00:00,00:00:00,0
Host,Owner,Monday,17:00:00,22:00:00,5
Host,Owner,Tuesday,17:00:00,22:00:00,5
Host,Owner,Wednesday,17:00:00,22:00:00,5
Host,Owner,Thursday,17:00:00,22:00:00,5
Host,Owner,Friday,17:00:00,22:00:00,5
Host,Owner,Saturday,17:00:00,22:00:00,5
Host,Owner,Sunday,17:00:00,22:00:00,5
Host,Welcome,Monday,15:45:00,22:30:00,6.75
Host,Welcome,Tuesday,15:45:00,22:30:00,6.75
Host,Welcome,Wednesday,15:45:00,22:00:00,6.25
Host,Welcome,Thursday,17:00:00,22:00:00,5
Host,Welcome,Friday,17:00:00,22:00:00,5
Host,Welcome,Saturday,17:00:00,22:00:00,5
Host,Welcome,Sunday,17:00:00,22:00:00,5
Host,Grand Enterance/Guide,Monday,15:45:00,22:30:00,6.75
Host,Grand Enterance/Guide,Tuesday,15:45:00,22:30:00,6.75
Host,Grand Enterance/Guide,Wednesday,15:45:00,22:00:00,6.25
Host,Grand Enterance/Guide,Thursday,15:45:00,22:00:00,6.25
Host,Grand Enterance/Guide,Friday,15:45:00,22:30:00,6.75
Host,Grand Enterance/Guide,Saturday,15:45:00,22:30:00,6.75
Host,Grand Enterance/Guide,Sunday,15:45:00,22:30:00,6.75
Host,Cafe Great/Guide,Monday,16:45:00,23:00:00,6.25
Host,Cafe Great/Guide,Tuesday,16:45:00,23:00:00,6.25
Host,Cafe Great/Guide,Wednesday,16:45:00,22:30:00,5.75
Host,Cafe Great/Guide,Thursday,15:45:00,22:00:00,6.25
Host,Cafe Great/Guide,Friday,15:45:00,22:30:00,6.75
Host,Cafe Great/Guide,Saturday,15:45:00,22:30:00,6.75
Host,Cafe Great/Guide,Sunday,15:45:00,22:30:00,6.75
Host,Guide,Monday,16:45:00,23:00:00,6.25
Host,Guide,Tuesday,16:45:00,23:00:00,6.25
Host,Guide,Wednesday,16:45:00,22:30:00,5.75
Host,Guide,Thursday,16:45:00,22:30:00,5.75
Host,Guide,Friday,15:45:00,23:00:00,7.25
Host,Guide,Saturday,16:45:00,23:00:00,6.25
Host,Guide,Sunday,16:45:00,23:00:00,6.25
Host,First Impression/Guide,Monday,18:00:00,00:00:00,6
Host,First Impression/Guide,Tuesday,18:00:00,00:00:00,6
Host,First Impression/Guide,Wednesday,16:45:00,23:00:00,6.25
Host,First Impression/Guide,Thursday,16:45:00,23:00:00,6.25
Host,First Impression/Guide,Friday,16:45:00,23:00:00,6.25
Host,First Impression/Guide,Saturday,16:45:00,23:00:00,6.25
Host,First Impression/Guide,Sunday,16:45:00,23:00:00,6.25
Host,Queue walla,Monday,00:00:00,00:00:00,0
Host,Queue walla,Tuesday,18:00:00,23:00:00,5
Host,Queue walla,Wednesday,18:00:00,23:00:00,5
Host,Queue walla,Thursday,16:45:00,23:00:00,6.25
Host,Queue walla,Friday,16:45:00,23:00:00,6.25
Host,Queue walla,Saturday,16:45:00,23:00:00,6.25
Host,Queue walla,Sunday,16:45:00,23:00:00,6.25
Host,Guide,Monday,00:00:00,00:00:00,0
Host,Guide,Tuesday,00:00:00,00:00:00,0
Host,Guide,Wednesday,18:00:00,00:00:00,6
Host,Guide,Thursday,18:00:00,23:00:00,5
Host,Guide,Friday,16:45:00,23:00:00,6.25
Host,Guide,Saturday,16:45:00,23:00:00,6.25
Host,Guide,Sunday,16:45:00,23:00:00,6.25
Host,Guide,Monday,00:00:00,00:00:00,0
Host,Guide,Tuesday,00:00:00,00:00:00,0
Host,Guide,Wednesday,00:00:00,00:00:00,0
Host,Guide,Thursday,18:00:00,00:00:00,6
Host,Guide,Friday,18:00:00,00:00:00,6
Host,Guide,Saturday,16:45:00,00:00:00,7.25
Host,Guide,Sunday,16:45:00,00:00:00,7.25
Host,Guide,Monday,00:00:00,00:00:00,0
Host,Guide,Tuesday,00:00:00,00:00:00,0
Host,Guide,Wednesday,00:00:00,00:00:00,0
Host,Guide,Thursday,00:00:00,00:00:00,0
Host,Guide,Friday,00:00:00,00:00:00,0
Host,Guide,Saturday,00:00:00,00:00:00,0
Host,Guide,Sunday,00:00:00,00:00:00,0
Host,Guide,Monday,00:00:00,00:00:00,0
Host,Guide,Tuesday,00:00:00,00:00:00,0
Host,Guide,Wednesday,00:00:00,00:00:00,0
Host,Guide,Thursday,00:00:00,00:00:00,0
Host,Guide,Friday,00:00:00,00:00:00,0
Host,Guide,Saturday,00:00:00,00:00:00,0
Host,Guide,Sunday,00:00:00,00:00:00,0
Host,Guide,Monday,00:00:00,00:00:00,0
Host,Guide,Tuesday,00:00:00,00:00:00,0
Host,Guide,Wednesday,00:00:00,00:00:00,0
Host,Guide,Thursday,00:00:00,00:00:00,0
Host,Guide,Friday,00:00:00,00:00:00,0
Host,Guide,Saturday,00:00:00,00:00:00,0
Host,Guide,Sunday,00:00:00,00:00:00,0
Runner&Busser,Runner AM,Monday,07:00:00,16:00:00,9
Runner&Busser,Runner AM,Tuesday,07:00:00,16:00:00,9
Runner&Busser,Runner AM,Wednesday,07:00:00,16:00:00,9
Runner&Busser,Runner AM,Thursday,07:00:00,16:00:00,9
Runner&Busser,Runner AM,Friday,07:00:00,16:00:00,9
Runner&Busser,Runner AM,Saturday,08:00:00,17:00:00,9
Runner&Busser,Runner AM,Sunday,08:00:00,17:00:00,9
Runner&Busser,Runner AM,Monday,10:00:00,17:00:00,7
Runner&Busser,Runner AM,Tuesday,10:00:00,17:00:00,7
Runner&Busser,Runner AM,Wednesday,10:00:00,17:00:00,7
Runner&Busser,Runner AM,Thursday,10:00:00,17:00:00,7
Runner&Busser,Runner AM,Friday,10:00:00,17:00:00,7
Runner&Busser,Runner AM,Saturday,09:00:00,17:00:00,8
Runner&Busser,Runner AM,Sunday,09:00:00,17:00:00,8
Runner&Busser,Runner AM,Monday,00:00:00,00:00:00,0
Runner&Busser,Runner AM,Tuesday,00:00:00,00:00:00,0
Runner&Busser,Runner AM,Wednesday,00:00:00,00:00:00,0
Runner&Busser,Runner AM,Thursday,00:00:00,00:00:00,0
Runner&Busser,Runner AM,Friday,11:00:00,17:00:00,6
Runner&Busser,Runner AM,Saturday,10:00:00,16:00:00,6
Runner&Busser,Runner AM,Sunday,10:00:00,16:00:00,6
Runner&Busser,Drink Runner AM,Monday,00:00:00,00:00:00,0
Runner&Busser,Drink Runner AM,Tuesday,00:00:00,00:00:00,0
Runner&Busser,Drink Runner AM,Wednesday,00:00:00,00:00:00,0
Runner&Busser,Drink Runner AM,Thursday,00:00:00,00:00:00,0
Runner&Busser,Drink Runner AM,Friday,00:00:00,00:00:00,0
Runner&Busser,Drink Runner AM,Saturday,10:00:00,16:00:00,6
Runner&Busser,Drink Runner AM,Sunday,10:00:00,16:00:00,6
Runner&Busser,Runner AM,Monday,00:00:00,00:00:00,0
Runner&Busser,Runner AM,Tuesday,00:00:00,00:00:00,0
Runner&Busser,Runner AM,Wednesday,00:00:00,00:00:00,0
Runner&Busser,Runner AM,Thursday,00:00:00,00:00:00,0
Runner&Busser,Runner AM,Friday,00:00:00,00:00:00,0
Runner&Busser,Runner AM,Saturday,00:00:00,00:00:00,0
Runner&Busser,Runner AM,Sunday,00:00:00,00:00:00,0
Runner&Busser,Runner AM,Monday,00:00:00,00:00:00,0
Runner&Busser,Runner AM,Tuesday,00:00:00,00:00:00,0
Runner&Busser,Runner AM,Wednesday,00:00:00,00:00:00,0
Runner&Busser,Runner AM,Thursday,00:00:00,00:00:00,0
Runner&Busser,Runner AM,Friday,00:00:00,00:00:00,0
Runner&Busser,Runner AM,Saturday,00:00:00,00:00:00,0
Runner&Busser,Runner AM,Sunday,00:00:00,00:00:00,0
Runner&Busser,Runner AM,Monday,00:00:00,00:00:00,0
Runner&Busser,Runner AM,Tuesday,00:00:00,00:00:00,0
Runner&Busser,Runner AM,Wednesday,00:00:00,00:00:00,0
Runner&Busser,Runner AM,Thursday,00:00:00,00:00:00,0
Runner&Busser,Runner AM,Friday,00:00:00,00:00:00,0
Runner&Busser,Runner AM,Saturday,00:00:00,00:00:00,0
Runner&Busser,Runner AM,Sunday,00:00:00,00:00:00,0
Runner&Busser,Runner AM,Monday,00:00:00,00:00:00,0
Runner&Busser,Runner AM,Tuesday,00:00:00,00:00:00,0
Runner&Busser,Runner AM,Wednesday,00:00:00,00:00:00,0
Runner&Busser,Runner AM,Thursday,00:00:00,00:00:00,0
Runner&Busser,Runner AM,Friday,00:00:00,00:00:00,0
Runner&Busser,Runner AM,Saturday,00:00:00,00:00:00,0
Runner&Busser,Runner AM,Sunday,00:00:00,00:00:00,0
Runner&Busser,Busser AM,Monday,12:00:00,17:00:00,5
Runner&Busser,Busser AM,Tuesday,12:00:00,17:00:00,5
Runner&Busser,Busser AM,Wednesday,12:00:00,17:00:00,5
Runner&Busser,Busser AM,Thursday,11:00:00,17:00:00,6
Runner&Busser,Busser AM,Friday,11:00:00,17:00:00,6
Runner&Busser,Busser AM,Saturday,11:00:00,17:00:00,6
Runner&Busser,Busser AM,Sunday,11:00:00,17:00:00,6
Runner&Busser,Busser AM,Monday,12:00:00,17:00:00,5
Runner&Busser,Busser AM,Tuesday,12:00:00,17:00:00,5
Runner&Busser,Busser AM,Wednesday,12:00:00,17:00:00,5
Runner&Busser,Busser AM,Thursday,12:00:00,17:00:00,5
Runner&Busser,Busser AM,Friday,11:00:00,17:00:00,6
Runner&Busser,Busser AM,Saturday,11:00:00,17:00:00,6
Runner&Busser,Busser AM,Sunday,11:00:00,17:00:00,6
Runner&Busser,Busser AM,Monday,00:00:00,00:00:00,0
Runner&Busser,Busser AM,Tuesday,00:00:00,00:00:00,0
Runner&Busser,Busser AM,Wednesday,00:00:00,00:00:00,0
Runner&Busser,Busser AM,Thursday,00:00:00,00:00:00,0
Runner&Busser,Busser AM,Friday,00:00:00,00:00:00,0
Runner&Busser,Busser AM,Saturday,00:00:00,00:00:00,0
Runner&Busser,Busser AM,Sunday,00:00:00,00:00:00,0
Runner&Busser,Busser AM,Monday,00:00:00,00:00:00,0
Runner&Busser,Busser AM,Tuesday,00:00:00,00:00:00,0
Runner&Busser,Busser AM,Wednesday,00:00:00,00:00:00,0
Runner&Busser,Busser AM,Thursday,00:00:00,00:00:00,0
Runner&Busser,Busser AM,Friday,00:00:00,00:00:00,0
Runner&Busser,Busser AM,Saturday,00:00:00,00:00:00,0
Runner&Busser,Busser AM,Sunday,00:00:00,00:00:00,0
Runner&Busser,Runner PM,Monday,15:45:00,23:00:00,7.25
Runner&Busser,Runner PM,Tuesday,15:45:00,23:00:00,7.25
Runner&Busser,Runner PM,Wednesday,15:45:00,23:00:00,7.25
Runner&Busser,Runner PM,Thursday,15:45:00,22:00:00,6.25
Runner&Busser,Runner PM,Friday,15:45:00,22:00:00,6.25
Runner&Busser,Runner PM,Saturday,17:00:00,22:00:00,5
Runner&Busser,Runner PM,Sunday,17:00:00,23:00:00,6
Runner&Busser,Runner PM,Monday,16:45:00,00:30:00,7.75
Runner&Busser,Runner PM,Tuesday,16:45:00,00:30:00,7.75
Runner&Busser,Runner PM,Wednesday,16:45:00,00:30:00,7.75
Runner&Busser,Runner PM,Thursday,16:45:00,23:00:00,6.25
Runner&Busser,Runner PM,Friday,16:45:00,23:00:00,6.25
Runner&Busser,Runner PM,Saturday,15:45:00,00:30:00,8.75
Runner&Busser,Runner PM,Sunday,15:45:00,00:30:00,8.75
Runner&Busser,Runner PM,Monday,00:00:00,00:00:00,0
Runner&Busser,Runner PM,Tuesday,00:00:00,00:00:00,0
Runner&Busser,Runner PM,Wednesday,00:00:00,00:00:00,0
Runner&Busser,Runner PM,Thursday,18:00:00,00:30:00,6.5
Runner&Busser,Runner PM,Friday,16:45:00,00:30:00,7.75
Runner&Busser,Runner PM,Saturday,16:45:00,00:30:00,7.75
Runner&Busser,Runner PM,Sunday,16:45:00,00:30:00,7.75
Runner&Busser,Drink Runner PM,Monday,00:00:00,00:00:00,0
Runner&Busser,Drink Runner PM,Tuesday,00:00:00,00:00:00,0
Runner&Busser,Drink Runner PM,Wednesday,00:00:00,00:00:00,0
Runner&Busser,Drink Runner PM,Thursday,00:00:00,00:00:00,0
Runner&Busser,Drink Runner PM,Friday,16:45:00,22:30:00,5.75
Runner&Busser,Drink Runner PM,Saturday,15:45:00,22:30:00,6.75
Runner&Busser,Drink Runner PM,Sunday,00:00:00,00:00:00,0
Runner&Busser,Runner PM,Monday,00:00:00,00:00:00,0
Runner&Busser,Runner PM,Tuesday,00:00:00,00:00:00,0
Runner&Busser,Runner PM,Wednesday,00:00:00,00:00:00,0
Runner&Busser,Runner PM,Thursday,00:00:00,00:00:00,0
Runner&Busser,Runner PM,Friday,00:00:00,00:00:00,0
Runner&Busser,Runner PM,Saturday,00:00:00,00:00:00,0
Runner&Busser,Runner PM,Sunday,00:00:00,00:00:00,0
Runner&Busser,Runner PM,Monday,00:00:00,00:00:00,0
Runner&Busser,Runner PM,Tuesday,00:00:00,00:00:00,0
Runner&Busser,Runner PM,Wednesday,00:00:00,00:00:00,0
Runner&Busser,Runner PM,Thursday,00:00:00,00:00:00,0
Runner&Busser,Runner PM,Friday,00:00:00,00:00:00,0
Runner&Busser,Runner PM,Saturday,00:00:00,00:00:00,0
Runner&Busser,Runner PM,Sunday,00:00:00,00:00:00,0
Runner&Busser,Runner PM,Monday,00:00:00,00:00:00,0
Runner&Busser,Runner PM,Tuesday,00:00:00,00:00:00,0
Runner&Busser,Runner PM,Wednesday,00:00:00,00:00:00,0
Runner&Busser,Runner PM,Thursday,00:00:00,00:00:00,0
Runner&Busser,Runner PM,Friday,00:00:00,00:00:00,0
Runner&Busser,Runner PM,Saturday,00:00:00,00:00:00,0
Runner&Busser,Runner PM,Sunday,00:00:00,00:00:00,0
Runner&Busser,Runner PM,Monday,00:00:00,00:00:00,0
Runner&Busser,Runner PM,Tuesday,00:00:00,00:00:00,0
Runner&Busser,Runner PM,Wednesday,00:00:00,00:00:00,0
Runner&Busser,Runner PM,Thursday,00:00:00,00:00:00,0
Runner&Busser,Runner PM,Friday,00:00:00,00:00:00,0
Runner&Busser,Runner PM,Saturday,00:00:00,00:00:00,0
Runner&Busser,Runner PM,Sunday,00:00:00,00:00:00,0
Runner&Busser,Busser PM,Monday,16:45:00,00:30:00,7.75
Runner&Busser,Busser PM,Tuesday,16:45:00,00:30:00,7.75
Runner&Busser,Busser PM,Wednesday,16:45:00,00:30:00,7.75
Runner&Busser,Busser PM,Thursday,16:45:00,00:30:00,7.75
Runner&Busser,Busser PM,Friday,16:45:00,00:30:00,7.75
Runner&Busser,Busser PM,Saturday,16:45:00,23:00:00,6.25
Runner&Busser,Busser PM,Sunday,16:45:00,23:00:00,6.25
Runner&Busser,Busser PM,Monday,00:00:00,00:00:00,0
Runner&Busser,Busser PM,Tuesday,00:00:00,00:00:00,0
Runner&Busser,Busser PM,Wednesday,00:00:00,00:00:00,0
Runner&Busser,Busser PM,Thursday,00:00:00,00:00:00,0
Runner&Busser,Busser PM,Friday,00:00:00,00:00:00,0
Runner&Busser,Busser PM,Saturday,00:00:00,00:00:00,0
Runner&Busser,Busser PM,Sunday,00:00:00,00:00:00,0
Runner&Busser,Busser PM,Monday,00:00:00,00:00:00,0
Runner&Busser,Busser PM,Tuesday,00:00:00,00:00:00,0
Runner&Busser,Busser PM,Wednesday,00:00:00,00:00:00,0
Runner&Busser,Busser PM,Thursday,00:00:00,00:00:00,0
Runner&Busser,Busser PM,Friday,00:00:00,00:00:00,0
Runner&Busser,Busser PM,Saturday,00:00:00,00:00:00,0
Runner&Busser,Busser PM,Sunday,00:00:00,00:00:00,0
Runner&Busser,Busser PM,Monday,00:00:00,00:00:00,0
Runner&Busser,Busser PM,Tuesday,00:00:00,00:00:00,0
Runner&Busser,Busser PM,Wednesday,00:00:00,00:00:00,0
Runner&Busser,Busser PM,Thursday,00:00:00,00:00:00,0
Runner&Busser,Busser PM,Friday,00:00:00,00:00:00,0
Runner&Busser,Busser PM,Saturday,00:00:00,00:00:00,0
Runner&Busser,Busser PM,Sunday,00:00:00,00:00:00,0
Expo,AM Expo,Monday,07:00:00,16:00:00,9
Expo,AM Expo,Tuesday,07:00:00,16:00:00,9
Expo,AM Expo,Wednesday,07:00:00,16:00:00,9
Expo,AM Expo,Thursday,07:00:00,16:00:00,9
Expo,AM Expo,Friday,07:00:00,16:00:00,9
Expo,AM Expo,Saturday,08:00:00,17:00:00,9
Expo,AM Expo,Sunday,08:00:00,17:00:00,9
Expo,AM Expo,Monday,00:00:00,00:00:00,0
Expo,AM Expo,Tuesday,00:00:00,00:00:00,0
Expo,AM Expo,Wednesday,00:00:00,00:00:00,0
Expo,AM Expo,Thursday,00:00:00,00:00:00,0
Expo,AM Expo,Friday,12:00:00,16:00:00,4
Expo,AM Expo,Saturday,10:00:00,16:00:00,6
Expo,AM Expo,Sunday,10:00:00,16:00:00,6
Expo,AM Expo,Monday,00:00:00,00:00:00,0
Expo,AM Expo,Tuesday,00:00:00,00:00:00,0
Expo,AM Expo,Wednesday,00:00:00,00:00:00,0
Expo,AM Expo,Thursday,00:00:00,00:00:00,0
Expo,AM Expo,Friday,00:00:00,00:00:00,0
Expo,AM Expo,Saturday,00:00:00,00:00:00,0
Expo,AM Expo,Sunday,00:00:00,00:00:00,0
Expo,PM Expo,Monday,15:45:00,22:00:00,6.25
Expo,PM Expo,Tuesday,15:45:00,22:00:00,6.25
Expo,PM Expo,Wednesday,15:45:00,23:00:00,7.25
Expo,PM Expo,Thursday,15:45:00,23:00:00,7.25
Expo,PM Expo,Friday,17:00:00,23:00:00,6
Expo,PM Expo,Saturday,17:00:00,23:00:00,6
Expo,PM Expo,Sunday,17:00:00,23:00:00,6
Expo,PM Expo,Monday,18:00:00,00:30:00,6.5
Expo,PM Expo,Tuesday,18:00:00,00:30:00,6.5
Expo,PM Expo,Wednesday,18:00:00,00:30:00,6.5
Expo,PM Expo,Thursday,18:00:00,00:30:00,6.5
Expo,PM Expo,Friday,15:45:00,00:30:00,8.75
Expo,PM Expo,Saturday,15:45:00,00:30:00,8.75
Expo,PM Expo,Sunday,15:45:00,00:30:00,8.75
Expo,PM Expo,Monday,00:00:00,00:00:00,0
Expo,PM Expo,Tuesday,00:00:00,00:00:00,0
Expo,PM Expo,Wednesday,00:00:00,00:00:00,0
Expo,PM Expo,Thursday,00:00:00,00:00:00,0
Expo,PM Expo,Friday,00:00:00,00:00:00,0
Expo,PM Expo,Saturday,00:00:00,00:00:00,0
Expo,PM Expo,Sunday,00:00:00,00:00:00,0